rouge1,rouge2,rougeL,rougeLsum
0.05026235578616531,0.0,0.04983963048171958,0.04991611734468877
